03252957;Acta bioquímica clínica latinoamericana;SCIELO
18513743;Acta toxicologica argentina;SCIELO
1668298X;Agriscientia;SCIELO
00027014;Ameghiniana;SCIELO
03650375;Anales de la Asociacion Química Argentina;SCIELO
18519636;Analisis filosofico;SCIELO
18514669;Anclajes;SCIELO
16688090;Andes;SCIELO
18511686;Anuario de investigaciones;SCIELO
03250075;Archivos argentinos de pediatría;SCIELO
18536379;Argos;SCIELO
18511694;Ava;SCIELO
01026720;ABCD. Arquivos Brasileiros de Cirurgia Digestiva (São Paulo);SCIELO
00445967;Acta Amazonica;SCIELO
01023306;Acta Botanica Brasilica;SCIELO
01028650;Acta Cirurgica Brasileira;SCIELO
2179975X;Acta Limnologica Brasiliensia;SCIELO
14137852;Acta Ortopédica Brasileira;SCIELO
01032100;Acta Paulista de Enfermagem;SCIELO
18078621;Acta Scientiarum. Agronomy;SCIELO
18078672;Acta Scientiarum. Animal Sciences;SCIELO
00020591;Afro-asia;SCIELO
15161498;agora: Estudos em Teoria Psicanalítica;SCIELO
1517106X;Alea: Estudos Neolatinos;SCIELO
19815794;Alfa: Revista de Linguística (São José do Rio Preto);SCIELO
1414753X;Ambiente e Sociedade;SCIELO
16788621;Ambiente Construído;SCIELO
03650596;Anais Brasileiros de Dermatologia;SCIELO
00013765;Anais da Academia Brasileira de Ciências;SCIELO
00711276;Anais da Escola Superior de Agricultura Luiz de Queiroz;SCIELO
03018059;Anais da Sociedade Entomologica do Brasil;SCIELO
01014714;Anais do Museu Paulista: Historia e Cultura Material;SCIELO
01020935;Arquivo Brasileiro de Medicina Veterinaria e Zootecnia;SCIELO
0066782X;Arquivos Brasileiros de Cardiologia;SCIELO
00042730;Arquivos Brasileiros de Endocrinologia e Metabologia;SCIELO
00042749;Arquivos Brasileiros de Oftalmologia;SCIELO
00042803;Arquivos de Gastroenterologia;SCIELO
0004282X;Arquivos de Neuro-Psiquiatria;SCIELO
18081657;Arquivos do Instituto Biologico;SCIELO
18094872;Arquivos Internacionais de Otorrinolaringologia;SCIELO
16785320;ARS (São Paulo);SCIELO
23176431;Audiology - Communication Research;SCIELO
14144077;Avaliação: Revista da Avaliação da Educação Superior (Campinas);SCIELO
10158758;Acta Theologica;SCIELO
19962096;African Human Rights Law Journal;SCIELO
20712930;African Journal of Primary Health Care e Family Medicine ;SCIELO
23057963;African Natural History;SCIELO
1726569X;Acta bioethica;SCIELO
07176848;Acta literaria;SCIELO
03652807;Agricultura Técnica;SCIELO
07187181;Aisthesis;SCIELO
07182201;Alpha (Osorno);SCIELO
0718686X;Anales del Instituto de la Patagonia;SCIELO
07187106;Andean geology;SCIELO
0301732X;Archivos de medicina veterinaria;SCIELO
07176996;ARQ (Santiago);SCIELO
07180462;Atenea (Concepcion);SCIELO
01202812;Acta Agronomica;SCIELO
0120548X;Acta Biologica Colombiana;SCIELO
01239155;Acta Colombiana de Psicología;SCIELO
01202448;Acta Medica Colombiana;SCIELO
01208748;Acta Neurologica Colombiana;SCIELO
03043584;Actualidades Biologicas;SCIELO
01209965;Agronomía Colombiana;SCIELO
16922522;Anagramas - Rumbos y sentidos de la comunicacion;SCIELO
01214705;Analisis Político;SCIELO
19005407;Antipoda. Revista de Antropología y Arqueología;SCIELO
01202456;Anuario Colombiano de Historia Social y de la Cultura;SCIELO
16579763;Apuntes: Revista de Estudios sobre Patrimonio Cultural - Journal of Cultural Heritage Studies;SCIELO
16575997;Aquichan;SCIELO
01214500;Avances en Enfermería;SCIELO
17944724;Avances en Psicología Latinoamericana;SCIELO
00016002;Acta Médica Costarricense;SCIELO
14090090;Acta Pediatrica Costarricense;SCIELO
14094703;Actualidades Investigativas en Educacion ;SCIELO
14094185;Adolescencia y Salud;SCIELO
03779424;Agronomía Costarricense;SCIELO
16591321;Agronomía Mesoamericana;SCIELO
10249435;ACIMED;SCIELO
18155898;Arquitectura y Urbanismo;SCIELO
1578908X;Accion Psicologica;SCIELO
02104806;Actas Urologicas Españolas;SCIELO
11376627;Anales del Sistema Sanitario de Navarra;SCIELO
02127199;Anales de Medicina Interna;SCIELO
02129728;Anales de Psicología;SCIELO
03656691;Archivos de la Sociedad Española de Oftalmología;SCIELO
00040592;Archivos de Zootecnia;SCIELO
00040614;Archivos Españoles de Urología (Ed. impresa);SCIELO
02131285;Avances en Odontoestomatología;SCIELO
16996585;Avances en Periodoncia e Implantología Oral;SCIELO
01877151;Acta botanica mexicana;SCIELO
20074832;Acta de investigacion psicologica;SCIELO
23064102;Acta ortopédica mexicana;SCIELO
01853082;Acta poética;SCIELO
00651737;Acta zoologica mexicana;SCIELO
18705472;Agricultura, sociedad y desarrollo;SCIELO
05682517;Agricultura técnica en México;SCIELO
14053195;Agrociencia;SCIELO
01887017;Alteridades;SCIELO
14052253;América Latina en la historia economica;SCIELO
01851276;Anales del Instituto de Investigaciones Estéticas;SCIELO
18700063;Andamios;SCIELO
18704654;Anuario mexicano de derecho internacional;SCIELO
14059940;Archivos de cardiología de México;SCIELO
01874705;Archivos de neurociencias (México, D.F.);SCIELO
01875795;Argumentos (México, D.F.);SCIELO
01876236;Atmosfera;SCIELO
17285917;Acta Médica Peruana;SCIELO
10255583;Anales de la Facultad de Medicina;SCIELO
02549212;Anthropologica;SCIELO
2070836X;Aporte Santiaguino;SCIELO
23040335;Apuntes Universitarios;SCIELO
1016913X;Areté;SCIELO
18158242;Arnaldoa;SCIELO
08708231;Analise Psicologica;SCIELO
00032573;Analise Social;SCIELO
1646706X;Angiologia e Cirurgia Vascular;SCIELO
08713413;Arquivos de Medicina;SCIELO
00212571;Annali dell'Istituto Superiore di Sanità;SCIELO
1414753X;Ambiente e sociedade;SCIELO
18526233;BAG. Journal of basic and applied genetics;SCIELO
03279545;Biocell;SCIELO
18512372;Boletín de la Sociedad Argentina de Botanica;SCIELO
05249767;Boletín del Instituto de Historia Argentina y Americana Dr. Emilio Ravignani;SCIELO
21764573;Bakhtiniana: Revista de Estudos do Discurso;SCIELO
18077692;BAR - Brazilian Administration Review;SCIELO
16760603;Biota Neotropica;SCIELO
0103636X;Bolema: Boletim de Educação Matematica;SCIELO
19822170;Boletim de Ciências Geodésicas;SCIELO
03735524;Boletim do Instituto Oceanografico;SCIELO
01004239;Boletim do Instituto Paulista de Oceanografia;SCIELO
19818122;Boletim do Museu Paraense Emílio Goeldi. Ciências Humanas;SCIELO
00068705;Bragantia;SCIELO
15168913;Brazilian Archives of Biology and Technology;SCIELO
01036440;Brazilian Dental Journal;SCIELO
15196984;Brazilian Journal of Biology;SCIELO
01008404;Brazilian Journal of Botany;SCIELO
01046632;Brazilian Journal of Chemical Engineering;SCIELO
19816723;Brazilian Journal of Food Technology;SCIELO
01008455;Brazilian Journal of Genetics;SCIELO
14138670;Brazilian Journal of Infectious Diseases;SCIELO
0100879X;Brazilian Journal of Medical and Biological Research;SCIELO
15178382;Brazilian Journal of Microbiology;SCIELO
16798759;Brazilian Journal of Oceanography;SCIELO
16773225;Brazilian Journal of Oral Sciences;SCIELO
18088694;Brazilian Journal of Otorhinolaryngology;SCIELO
19848250;Brazilian Journal of Pharmaceutical Sciences;SCIELO
14133555;Brazilian Journal of Physical Therapy;SCIELO
01039733;Brazilian Journal of Physics;SCIELO
16770420;Brazilian Journal of Plant Physiology;SCIELO
14139596;Brazilian Journal of Veterinary Research and Animal Science;SCIELO
18068324;Brazilian Oral Research;SCIELO
19813821;Brazilian Political Science Review;SCIELO
07169760;Biological Research;SCIELO
03659402;Boletín chileno de parasitología;SCIELO
07189303;Boletín de filología;SCIELO
03661644;Boletín de la Sociedad Chilena de Química;SCIELO
07186894;Boletín del Museo Chileno de Arte Precolombino;SCIELO
07179200;Bosque (Valdivia);SCIELO
07188471;Byzantion nea hellas;SCIELO
01204157;Biomédica;SCIELO
16579550;Biosalud;SCIELO
16923561;Biotecnología en el Sector Agropecuario y Agroindustrial ;SCIELO
01233068;Boletín Científico. Centro de Museos. Museo de Historia Natural;SCIELO
01203630;Boletín de Ciencias de la Tierra;SCIELO
01200283;Boletin de Geología;SCIELO
01229761;Boletín de Investigaciones Marinas y Costeras - INVEMAR;SCIELO
10272852;Biotecnologia Aplicada;SCIELO
03662128;Boletín de la Sociedad Botanica de México;SCIELO
14053322;Boletín de la Sociedad Geologica Mexicana;SCIELO
16651146;Boletín médico del Hospital Infantil de México;SCIELO
00418633;Boletín mexicano de derecho comparado;SCIELO
20074298;Botanical Sciences;SCIELO
15624730;Biblios;SCIELO
00429686;Bulletin of the World Health Organization;SCIELO
19813821;Brazilian Political Science Review (Online);SCIELO
18513735;Ciclos en la historia, la economía y la sociedad;SCIELO
18511716;Ciencia, docencia y tecnología;SCIELO
18502067;Ciencia del suelo;SCIELO
18511724;Circe de clasicos y modernos;SCIELO
18510027;Comechingonia ;SCIELO
1850275X;Cuadernos de antropología social;SCIELO
18525768;Cuadernos de herpetología;SCIELO
03251195;Cuadernos de historia de España;SCIELO
16688104;Cuadernos de la Facultad de Humanidades y Ciencias Sociales. Universidad Nacional de Jujuy;SCIELO
18533523;Cuadernos del Centro de Estudios en Diseño y Comunicacion. Ensayos;SCIELO
18529615;Cuadernos del CILHA;SCIELO
18533655;Cuaderno urbano;SCIELO
18533175;Cuyo;SCIELO
01034979;Caderno CRH;SCIELO
14139251;Caderno de Estudos;SCIELO
01013262;Cadernos CEDES;SCIELO
01001574;Cadernos de Pesquisa;SCIELO
0102311X;Cadernos de Saúde Pública;SCIELO
16793951;Cadernos EBAPE.BR;SCIELO
22369996;Cadernos Metropole;SCIELO
23168242;Cadernos Nietzsche;SCIELO
01048333;Cadernos Pagu;SCIELO
1414462X;Cadernos Saúde Coletiva;SCIELO
03666913;Cerâmica;SCIELO
01047760;CERNE;SCIELO
15167313;Ciência e Educação (Bauru);SCIELO
14138123;Ciência e Saúde Coletiva;SCIELO
18096891;Ciência Animal Brasileira;SCIELO
01001965;Ciência da Informação;SCIELO
14137054;Ciência e Agrotecnologia;SCIELO
01038478;Ciência Rural;SCIELO
18075932;Clinics;SCIELO
23171782;CoDAS;SCIELO
18081851;Coluna/Columna;SCIELO
18070302;Computational e Applied Mathematics;SCIELO
01028529;Contexto Internacional;SCIELO
19847033;Crop Breeding and Applied Biotechnology;SCIELO
22236279;Curationis;SCIELO
07184565;Calidad en la educacion;SCIELO
07185839;Chilean journal of agricultural research;SCIELO
07177356;Chungara (Arica);SCIELO
07182449;Ciencia e trabajo;SCIELO
07181620;Ciencia e investigacion agraria;SCIELO
07179553;Ciencia y enfermería;SCIELO
0717554X;Cinta de moebio;SCIELO
0719367X;Cuadernos.info;SCIELO
07176821;Cuadernos de economía;SCIELO
07191243;Cuadernos de historia (Santiago);SCIELO
07190646;Cubo (Temuco);SCIELO
03665232;Caldasia;SCIELO
01208705;CES Medicina;SCIELO
19009607;CES Medicina Veterinaria y Zootecnia;SCIELO
0120971X;CES Odontología;SCIELO
01248170;Ciencia e Ingeniería Neogranadina;SCIELO
16578953;Civilizar Ciencias Sociales y Humanas;SCIELO
17945887;Co-herencia;SCIELO
01200739;Colombia Forestal;SCIELO
01215612;Colombia Internacional;SCIELO
16579534;Colombia Médica;SCIELO
01234641;Colombian Applied Linguistics Journal;SCIELO
01225383;CTeF - Ciencia, Tecnología y Futuro;SCIELO
01203592;Cuadernos de Administracion;SCIELO
01204645;Cuadernos de Administracion (Universidad del Valle);SCIELO
01231472;Cuadernos de Contabilidad;SCIELO
01221450;Cuadernos de Desarrollo Rural;SCIELO
01214772;Cuadernos de Economía;SCIELO
0121215X;Cuadernos de Geografía - Revista Colombiana de Geografía;SCIELO
0120131X;Cuestiones Teologicas;SCIELO
15604381;Correo Cientifico Medico;SCIELO
00459178;Cuadernos de Historia de la Salud Publica;SCIELO
02585936;Cultivos Tropicales;SCIELO
03767892;Cirugía Plastica Ibero-Latinoamericana;SCIELO
11305274;Clínica y Salud;SCIELO
11357606;Cuadernos de Medicina Forense;SCIELO
15788423;Cuadernos de Psicología del Deporte;SCIELO
14053586;Ciencia forestal en México;SCIELO
01853880;Ciencias marinas;SCIELO
14050099;Cirujano general;SCIELO
14055546;Computacion y Sistemas;SCIELO
0188252X;Comunicacion y sociedad;SCIELO
20073011;Concreto y cemento. Investigacion y desarrollo;SCIELO
18703569;CONfines de relaciones internacionales y ciencia política;SCIELO
01861042;Contaduría y administracion;SCIELO
14051435;Convergencia;SCIELO
00111503;Crítica (México, D.F.);SCIELO
14059193;Cuestiones constitucionales;SCIELO
01851659;Cuicuilco;SCIELO
18701191;Culturales;SCIELO
20078110;Cultura y representaciones sociales;SCIELO
16099044;Ciencia e Investigacion;SCIELO
16808398;Ciencia e Investigacion Médica Estudiantil Latinoamericana;SCIELO
16803817;Consensus;SCIELO
19921896;Contabilidad y Negocios;SCIELO
16453794;Cadernos de Estudos Africanos;SCIELO
08708312;Ciência e Tecnologia dos Materiais;SCIELO
02540223;Ciência e Técnica Vitivinícola;SCIELO
08729662;Comportamento Organizacional e Gestão;SCIELO
1647581X;Comunicações Geologicas;SCIELO
08701164;Corrosão e Protecção de Materiais;SCIELO
0102311X;Cadernos de Saúde Pública;SCIELO
14138123;Ciência e Saúde Coletiva;SCIELO
01048333;Cadernos Pagu;SCIELO
01214772;Cuadernos de Economía;SCIELO
07976062;Cuadernos del CLAEH;SCIELO
00116793;Darwiniana;SCIELO
18527337;Diaeta;SCIELO
18513727;Documentos y aportes en administracion pública y gestion estatal;SCIELO
00115258;Dados;SCIELO
01024450;DELTA: Documentação de Estudos em Lingüística Teorica e Aplicada;SCIELO
21769451;Dental Press Journal of Orthodontics;SCIELO
22257160;De Jure;SCIELO
07192681;Dialogo andino;SCIELO
01203584;Desarrollo y Sociedad;SCIELO
01208942;Díkaion Revista de Fundamentacion Jurídica;SCIELO
01246127;Discusiones Filosoficas;SCIELO
17949998;Diversitas: Perspectivas en Psicología;SCIELO
00127353;DYNA;SCIELO
1409469X;Dialogos Revista Electronica de Historia;SCIELO
02119536;Dynamis;SCIELO
14059274;Desacatos;SCIELO
01852450;Dianoia;SCIELO
10287175;Dermatología Peruana;SCIELO
00115258;Dados ;SCIELO
0046001X;Desarrollo Economico (Buenos Aires);SCIELO
1667782X;Ecología austral;SCIELO
00733407;El hornero;SCIELO
16692721;Enfoques;SCIELO
15159485;Espacios en blanco. Serie indagaciones ;SCIELO
18519490;Estudios de filosofía practica e historia de las ideas;SCIELO
18511732;Estudios y perspectivas en turismo;SCIELO
01004670;Eclética Química;SCIELO
14138050;Economia Aplicada;SCIELO
01040618;Economia e Sociedade;SCIELO
21756236;Educação e Realidade;SCIELO
01017330;Educação e Sociedade;SCIELO
01024698;Educação em Revista;SCIELO
15179702;Educação e Pesquisa;SCIELO
01044060;Educar em Revista;SCIELO
16794508;Einstein (São Paulo);SCIELO
01006916;Engenharia Agrícola;SCIELO
14134152;Engenharia Sanitaria e Ambiental ;SCIELO
01044036;Ensaio: Avaliação e Políticas Públicas em Educação;SCIELO
03280381;Entomología y Vectores;SCIELO
14148145;Escola Anna Nery;SCIELO
0101546X;Estudos Afro-Asiaticos;SCIELO
01034014;Estudos Avançados;SCIELO
23164018;Estudos de Literatura Brasileira Contemporânea;SCIELO
0103166X;Estudos de Psicologia (Campinas);SCIELO
1413294X;Estudos de Psicologia (Natal);SCIELO
01014161;Estudos Econômicos (São Paulo);SCIELO
01032186;Estudos Historicos (Rio de Janeiro);SCIELO
07173458;Electronic Journal of Biotechnology;SCIELO
07181043;Estudios atacameños;SCIELO
07185200;Estudios constitucionales;SCIELO
07185286;Estudios de economía;SCIELO
00711713;Estudios filologicos;SCIELO
07193769;Estudios internacionales (Santiago);SCIELO
07180705;Estudios pedagogicos (Valdivia);SCIELO
02507161;EURE (Santiago);SCIELO
17946190;Earth Sciences Research Journal;SCIELO
16574206;Ecos de Economía;SCIELO
01231294;Educacion y Educadores;SCIELO
16928857;Eidos;SCIELO
16578031;El agora U.S.B.;SCIELO
01204483;Ensayos sobre POLÍTICA ECONoMICA;SCIELO
19003803;Entramado;SCIELO
01201263;Escritos;SCIELO
01213628;Estudios de Filosofía;SCIELO
01235923;Estudios Gerenciales;SCIELO
01215167;Estudios Políticos;SCIELO
01240579;Estudios Socio-Jurídicos;SCIELO
08642141;Educacion Medica Superior;SCIELO
20772874;EDUMECENTRO;SCIELO
15751813;Educacion Médica;SCIELO
16956141;Enfermería Global;SCIELO
22542884;Enfermería Nefrologica;SCIELO
19893809;Escritos de Psicología (Internet);SCIELO
14058421;Economía, sociedad y territorio;SCIELO
01883380;Economía: teoría y practica;SCIELO
16652045;Economía mexicana. Nueva época;SCIELO
1665952X;Economía UNAM;SCIELO
18706622;EconoQuantum;SCIELO
16655826;Educacion matematica;SCIELO
0187893X;Educacion química;SCIELO
1870879X;En-claves del pensamiento;SCIELO
16657063;Enfermería universitaria;SCIELO
01886126;Escritos (Puebla);SCIELO
16650565;Espiral (Guadalajara);SCIELO
01852574;Estudios de cultura maya;SCIELO
00711675;Estudios de cultura nahuatl;SCIELO
01852620;Estudios de historia moderna y contemporanea de México;SCIELO
01852523;Estudios de historia novohispana;SCIELO
01876961;Estudios fronterizos;SCIELO
01851616;Estudios políticos (México);SCIELO
01884557;Estudios sociales (Hermosillo, Son.);SCIELO
17262216;Ecología Aplicada;SCIELO
08737444;Economia Global e Gestão;SCIELO
08736561;Etnografica;SCIELO
08745560;Ex aequo;SCIELO
0104026X;Estudos Feministas;SCIELO
14130580;Estudos Sociedade e Agricultura;SCIELO
01035150;Fisioterapia em Movimento;SCIELO
18092950;Fisioterapia e Pesquisa;SCIELO
01004158;Fitopatologia Brasileira;SCIELO
21798087;Floresta e Ambiente;SCIELO
01012061;Food Science and Technology (Campinas);SCIELO
19840292;Fractal: Revista de Psicologia;SCIELO
1021545X;Fundamina ;SCIELO
07185006;Formacion universitaria;SCIELO
01234870;Folios;SCIELO
0120338X;Forma y Funcion;SCIELO
01201468;Franciscanum. Revista de las Ciencias del Espíritu;SCIELO
15623009;Fitosanidad;SCIELO
11306343;Farmacia Hospitalaria;SCIELO
20149832;FEM: Revista de la Fundacion Educacion Médica;SCIELO
01877372;Frontera norte;SCIELO
10291733;Folia Dermatologica Peruana;SCIELO
04305027;Finisterra - Revista Portuguesa de Geografia;SCIELO
18527744;Geoacta;SCIELO
19822553;Galaxia (São Paulo);SCIELO
14154757;Genetics and Molecular Biology;SCIELO
0104530X;Gestão e Produção;SCIELO
07176643;Gayana. Botanica;SCIELO
07176538;Gayana (Concepcion);SCIELO
16088921;Gaceta Medica Espirituana;SCIELO
02139111;Gaceta Sanitaria;SCIELO
1134928X;Gerokomos;SCIELO
00163813;Gaceta médica de México;SCIELO
00167169;Geofísica internacional;SCIELO
14051079;Gestion y política pública;SCIELO
02139111;Gaceta Sanitaria;SCIELO
23139277;Historia de la educacion - anuario;SCIELO
01045970;Historia, Ciências, Saúde-Manguinhos;SCIELO
01019074;Historia (São Paulo);SCIELO
22363459;Historia da Educação;SCIELO
22368906;Hoehnea;SCIELO
01047183;Horizontes Antropologicos;SCIELO
01020536;Horticultura Brasileira;SCIELO
20719736;Health SA Gesondheid (Online);SCIELO
0018229X;Historia;SCIELO
02599422;HTS Theological Studies;SCIELO
07177194;Historia (Santiago);SCIELO
01217577;Hacia la Promocion de la Salud;SCIELO
2145132X;HiSTOReLo. Revista de Historia Regional y Local;SCIELO
01211617;Historia Crítica;SCIELO
17278120;Humanidades Medicas;SCIELO
01888897;Hidrobiologica;SCIELO
14050927;Historia y grafía;SCIELO
18707459;Huitzil;SCIELO
1727558X;Horizonte Médico;SCIELO
07177194;Historia (Santiago);SCIELO
01019074;Historia (São Paulo);SCIELO
01047183;Horizontes Antropologicos;SCIELO
18511740;Informacion, cultura y sociedad;SCIELO
18523862;Insuficiencia cardíaca;SCIELO
16687027;Interdisciplinaria;SCIELO
1850373X;Intersecciones en antropología;SCIELO
16683498;InVet;SCIELO
00734721;Iheringia. Série Zoologia;SCIELO
15187012;Interações (Campo Grande);SCIELO
18095844;Intercom: Revista Brasileira de Ciências da Comunicação;SCIELO
14143283;Interface - Comunicação, Saúde, Educação;SCIELO
18094864;International Archives of Otorhinolaryngology;SCIELO
16775538;International braz j urol;SCIELO
23050853;In die Skriflig ;SCIELO
14457377;Indo-Pacific Journal of Phenomenology;SCIELO
07183429;Idesia (Arica);SCIELO
07180764;Informacion tecnologica;SCIELO
07183305;Ingeniare. Revista chilena de ingeniería;SCIELO
07179502;International Journal of Morphology;SCIELO
0718381X;International journal of odontostomatology;SCIELO
07177178;Investigaciones marinas;SCIELO
07180012;Ius et Praxis;SCIELO
01210793;Iatreia;SCIELO
01200062;Ideas y Valores;SCIELO
01233432;Íkala, Revista de Lenguaje y Cultura;SCIELO
01239392;Infectio;SCIELO
01205609;Ingeniería e Investigacion;SCIELO
17949165;Ingeniería y Ciencia;SCIELO
01223461;Ingeniería y Desarrollo;SCIELO
01232126;Ingeniería y Universidad;SCIELO
01215051;Innovar;SCIELO
16928156;International Law;SCIELO
01248146;Investigaciones Andina;SCIELO
01213261;Investigacion y Desarrollo;SCIELO
01205307;Investigacion y Educacion en Enfermería;SCIELO
22152458;InterSedes;SCIELO
18155928;Ingenieria Eletronica, Automatica y Comunicaciones;SCIELO
18155901;Ingenieria Energetica;SCIELO
16800338;Ingenieria Hidraulica y Ambiental;SCIELO
18155936;Ingenieria Industrial;SCIELO
18155944;Ingenieria Mecanica;SCIELO
11321296;Index de Enfermería;SCIELO
11396709;International Microbiology;SCIELO
11320559;Intervencion Psicosocial;SCIELO
14057743;Ingeniería, investigacion y tecnología;SCIELO
16657381;Ingeniería mecanica, tecnología y desarrollo;SCIELO
0185092X;Ingeniería sísmica;SCIELO
0187358X;Investigacion bibliotecologica;SCIELO
01851667;Investigacion economica;SCIELO
20075057;Investigacion en educacion médica;SCIELO
01884611;Investigaciones geograficas;SCIELO
14050218;Isonomía;SCIELO
22223061;In Crescendo;SCIELO
18109993;Industrial Data;SCIELO
17285852;Investigacion Educativa;SCIELO
08745161;Investigação Operacional;SCIELO
14143283;Interface - Comunicação, Saúde, Educação;SCIELO
01215051;Innovar: Revista de Ciencias Administrativas y Sociales;SCIELO
14143283;Interface - Comunicação, Saúde, Educação;SCIELO
18071775;JISTEM - Journal of Information Systems and Technology Management;SCIELO
01012800;Jornal Brasileiro de Nefrologia;SCIELO
16762444;Jornal Brasileiro de Patologia e Medicina Laboratorial;SCIELO
18063713;Jornal Brasileiro de Pneumologia;SCIELO
00472085;Jornal Brasileiro de Psiquiatria;SCIELO
21796491;Jornal da Sociedade Brasileira de Fonoaudiologia;SCIELO
00217557;Jornal de Pediatria;SCIELO
01023586;Jornal de Pneumologia;SCIELO
16775449;Jornal Vascular Brasileiro;SCIELO
16787757;Journal of Applied Oral Science;SCIELO
22379363;Journal of  Coloproctology (Rio de Janeiro);SCIELO
16762649;Journal of Epilepsy and Clinical Neurophysiology;SCIELO
21791074;Journal of Microwaves, Optoelectronics and Electromagnetic Applications;SCIELO
23171537;Journal of Seed Science;SCIELO
01035053;Journal of the Brazilian Chemical Society;SCIELO
01046500;Journal of the Brazilian Computer Society;SCIELO
01007386;Journal of the Brazilian Society of Mechanical Sciences;SCIELO
16785878;Journal of the Brazilian Society of Mechanical Sciences and Engineering;SCIELO
22381031;Journal of Transport Literature;SCIELO
01047930;Journal of Venomous Animals and Toxins;SCIELO
16789199;Journal of Venomous Animals and Toxins including Tropical Diseases;SCIELO
1021447X;Journal of Energy in Southern Africa;SCIELO
10212019;Journal of the South African Institution of Civil Engineering;SCIELO
10199128;Journal of the South African Veterinary Association ;SCIELO
0038223X;Journal of the Southern African Institute of Mining and Metallurgy;SCIELO
07189516;Journal of soil science and plant nutrition;SCIELO
07182724;Journal of technology management e innovation;SCIELO
07179707;Journal of the Chilean Chemical Society;SCIELO
07181876;Journal of theoretical and applied electronic commerce research;SCIELO
16656423;Journal of applied research and technology;SCIELO
20070780;Journal of behavior, health e social issues (México);SCIELO
1870249X;Journal of the Mexican Chemical Society;SCIELO
20771886;Journal of Economics, Finance and Administrative Science;SCIELO
08728178;Jornal Português de Gastrenterologia ;SCIELO
18525962;Kurtziana;SCIELO
0100512X;Kriterion: Revista de Filosofia;SCIELO
00756458;Koedoe;SCIELO
23048557;Koers;SCIELO
02590190;Kronos;SCIELO
18127886;Kiru;SCIELO
0100512X;Kriterion: Revista de Filosofia;SCIELO
16695704;La aljaba;SCIELO
03270793;Latin American applied research;SCIELO
18514979;Latin American journal of sedimentology and basin analysis;SCIELO
18531296;La zaranda de ideas;SCIELO
16797825;Latin American Journal of Solids and Structures;SCIELO
15187632;Linguagem em (Dis)curso;SCIELO
01026445;Lua Nova: Revista de Cultura e Política;SCIELO
0718560X;Latin american journal of aquatic research;SCIELO
07190433;Latin american journal of economics;SCIELO
07165811;Literatura y lingüística;SCIELO
01202596;Lecturas de Economía;SCIELO
01203479;Lenguaje;SCIELO
19092474;Luna Azul;SCIELO
16658574;Latinoamérica. Revista de estudios Latinoamericanos;SCIELO
14059436;La ventana. Revista de estudios de género;SCIELO
16658027;LiminaR;SCIELO
01882546;Literatura mexicana;SCIELO
20715072;Letras;SCIELO
17294827;Liberabit;SCIELO
16466004;Laboratorio de Psicologia;SCIELO
03279383;Mastozoología neotropical;SCIELO
00257680;Medicina (Buenos Aires);SCIELO
18513751;Memoria americana;SCIELO
1850468X;Meteorologica;SCIELO
1853001X;Mora (Buenos Aires);SCIELO
18527329;Multequina;SCIELO
15155994;Mundo agrario;SCIELO
19836821;Machado de Assis em Linha;SCIELO
01049313;Mana;SCIELO
01006045;Manuscrito;SCIELO
15177076;Matéria (Rio de Janeiro);SCIELO
15161439;Materials Research;SCIELO
00740276;Memorias do Instituto Oswaldo Cruz;SCIELO
19806574;Motriz: Revista de Educação Física;SCIELO
02569507;Missionalia;SCIELO
0718221X;Maderas. Ciencia y tecnología;SCIELO
07182244;Magallania (Punta Arenas);SCIELO
01204874;Medicina U.P.B.;SCIELO
17948886;Memorias: Revista Digital de Historia y Arqueología desde el Caribe;SCIELO
01225197;Memoria y Sociedad;SCIELO
14090015;Medicina Legal de Costa Rica;SCIELO
10293019;MEDISAN;SCIELO
1727897X;MediSur;SCIELO
02105691;Medicina Intensiva;SCIELO
16984447;Medicina Oral, Patología Oral y Cirugía Bucal (Ed. impresa);SCIELO
16986946;Medicina Oral, Patología Oral y Cirugía Bucal (Internet);SCIELO
0465546X;Medicina y Seguridad del Trabajo;SCIELO
11315768;Medifam;SCIELO
14050471;Madera y bosques;SCIELO
16658906;Migraciones internacionales;SCIELO
18707599;Migracion y desarrollo;SCIELO
18178391;Mosaico Científico;SCIELO
1646740X;Medievalista online;SCIELO
1646107X;Motricidade;SCIELO
15557960;MEDICC Review;SCIELO
01049313;Mana;SCIELO
01046497;Nauplius;SCIELO
1519566X;Neotropical Entomology;SCIELO
16796225;Neotropical Ichthyology;SCIELO
01036351;Nova Economia;SCIELO
01013300;Novos Estudos - CEBRAP;SCIELO
01217550;Nomadas;SCIELO
0864084X;Nucleus;SCIELO
02116995;Nefrología (Madrid);SCIELO
11301473;Neurocirugía;SCIELO
02121611;Nutricion Hospitalaria;SCIELO
00283746;Neumología y cirugía de torax;SCIELO
18703550;Norteamérica;SCIELO
01853058;Nova tellus;SCIELO
01850636;Nueva antropología;SCIELO
19951043;Neotropical Helminthology;SCIELO
08720754;Nascer e Crescer - Revista do Hospital de Crianças Maria Pia;SCIELO
01013300;Novos Estudos - CEBRAP;SCIELO
18524478;Olivar;SCIELO
18518893;Orientacion y sociedad;SCIELO
01046276;Opinião Pública;SCIELO
19849230;Organizações e Sociedade;SCIELO
10109919;Old Testament Essays;SCIELO
00302465;Onderstepoort Journal of Veterinary Research;SCIELO
07182813;Obras y proyectos;SCIELO
01213709;ORINOQUIA;SCIELO
03784835;Oncología (Barcelona);SCIELO
1814487X;Odontología Pediatrica;SCIELO
16465954;Observatorio (OBS*);SCIELO
10121587;Opcion (Maracaibo);SCIELO
18524508;Papeles de trabajo - Centro de Estudios Interdisciplinarios en Etnolingüística y Antropología Socio-Cultural;SCIELO
18515657;Phyton (Buenos Aires);SCIELO
18528562;Poblacion y sociedad;SCIELO
18519601;Postdata;SCIELO
18520499;Prismas;SCIELO
18519504;Prohistoria;SCIELO
0103863X;Paidéia (Ribeirão Preto);SCIELO
19828837;Pandaemonium Germanicum;SCIELO
00311049;Papéis Avulsos de Zoologia (São Paulo);SCIELO
15177599;Per Musi;SCIELO
14139936;Perspectivas em Ciência da Informação;SCIELO
0100204X;Pesquisa Agropecuaria Brasileira;SCIELO
19834063;Pesquisa Agropecuaria Tropical;SCIELO
15177491;Pesquisa Odontologica Brasileira;SCIELO
01017438;Pesquisa Operacional;SCIELO
0100736X;Pesquisa Veterinaria Brasileira;SCIELO
01037331;Physis: Revista de Saúde Coletiva;SCIELO
01008358;Planta Daninha;SCIELO
01041428;Polímeros;SCIELO
01036513;Production;SCIELO
01045687;Pro-Fono Revista de Atualização Científica;SCIELO
01037307;Pro-Posições;SCIELO
14149893;Psicologia: Ciência e Profissão;SCIELO
01027972;Psicologia: Reflexão e Crítica;SCIELO
01023772;Psicologia: Teoria e Pesquisa;SCIELO
01027182;Psicologia e Sociedade;SCIELO
01035665;Psicologia Clínica;SCIELO
14137372;Psicologia em Estudo;SCIELO
14138557;Psicologia Escolar e Educacional;SCIELO
01036564;Psicologia USP;SCIELO
14138271;Psico-USF;SCIELO
19833288;Psychology e Neuroscience;SCIELO
17273781;PER: Potchefstroomse Elektroniese Regsblad;SCIELO
15614018;Phronimon ;SCIELO
10156046;Psychology in Society;SCIELO
07160720;Parasitología al día;SCIELO
07177712;Parasitología latinoamericana;SCIELO
07186568;Polis (Santiago);SCIELO
07183399;Política criminal;SCIELO
07160917;Proyecciones (Antofagasta);SCIELO
07186924;Psicoperspectivas;SCIELO
07182228;Psykhe (Santiago);SCIELO
01228285;Palabra Clave;SCIELO
01224409;Papel Politico;SCIELO
16576276;Pensamiento e Gestion;SCIELO
16578961;Pensamiento Psicologico;SCIELO
16574214;Perfil de Coyuntura Economica;SCIELO
01233122;Persona y Bioética;SCIELO
01244108;Perspectivas en Nutricion Humana;SCIELO
01204688;Praxis Filosofica;SCIELO
19090455;Produccion + Limpia;SCIELO
16570790;Profile Issues in Teachers` Professional Development;SCIELO
0123417X;Psicología desde el Caribe;SCIELO
19002386;Psychologia. Avances de la Disciplina;SCIELO
16590201;Poblacion y Salud en Mesoamérica;SCIELO
08640394;Pastos y Forrajes;SCIELO
11397632;Pediatría Atencion Primaria;SCIELO
1885642X;Pharmacy Practice (Granada);SCIELO
18863655;Pharmacy Practice (Internet);SCIELO
14057425;Papeles de poblacion;SCIELO
18705766;Península;SCIELO
01852698;Perfiles educativos;SCIELO
01887653;Perfiles latinoamericanos;SCIELO
01875337;Perinatología y reproduccion humana;SCIELO
18709044;Polibits;SCIELO
14052768;Polibotanica;SCIELO
18702333;Polis;SCIELO
01887742;Política y cultura;SCIELO
16652037;Política y gobierno;SCIELO
03017036;Problemas del desarrollo;SCIELO
08721904;Portugaliae Electrochimica Acta;SCIELO
08720169;Portuguese Journal of Nephrology e Hypertension;SCIELO
08742049;Psicologia;SCIELO
16450086;Psicologia, Saúde e Doenças;SCIELO
18513026;Quebracho (Santiago del Estero);SCIELO
18512879;Quinto sol;SCIELO
01004042;Química Nova;SCIELO
1852236X;Revista americana de medicina respiratoria;SCIELO
18503748;Revista argentina de cardiología;SCIELO
2250639X;Revista argentina de cirugía ;SCIELO
1851300X;Revista argentina de dermatología;SCIELO
18513034;Revista argentina de endocrinología y metabolismo;SCIELO
03257541;Revista argentina de microbiología;SCIELO
18501532;Revista argentina de neurocirugía;SCIELO
18529992;Revista argentina de radiología;SCIELO
16693248;Revista argentina de sociología;SCIELO
18517587;Revista de Ciencia y Tecnología;SCIELO
23141549;Revista de historia americana y argentina;SCIELO
18531784;Revista de historia del derecho;SCIELO
18527434;Revista de la Asociacion Argentina de Ortopedia y Traumatología;SCIELO
18536360;Revista de la Asociacion Argentina de Sedimentología;SCIELO
00044822;Revista de la Asociacion Geologica Argentina;SCIELO
18538665;Revista de la Facultad de Ciencias Agrarias. Universidad Nacional de Cuyo;SCIELO
03735680;Revista de la Sociedad Entomologica Argentina;SCIELO
00416932;Revista de la Union Matematica Argentina;SCIELO
18530400;Revista del Museo Argentino de  Ciencias Naturales;SCIELO
18506666;Revista electronica de investigacion en educacion en ciencias;SCIELO
16699041;Revista Escuela de Historia;SCIELO
18500013;Revista iberoamericana de ciencia tecnología y sociedad;SCIELO
18513018;Revista industrial y agrícola de Tucuman;SCIELO
18527353;Revista latinoamericana de filosofía;SCIELO
18513123;Revista Pilquen;SCIELO
18531970;Revista SAAP;SCIELO
16692314;RIA. Revista de investigaciones agropecuarias;SCIELO
18519628;Runa;SCIELO
01003984;Radiologia Brasileira;SCIELO
16765648;RAE eletrônica;SCIELO
16786971;RAM. Revista de Administração Mackenzie;SCIELO
14132311;REAd. Revista Eletrônica de Administração (Porto Alegre);SCIELO
01008587;Religião e Sociedade;SCIELO
03704467;Rem: Revista Escola de Minas;SCIELO
19808585;REMHU: Revista Interdisciplinar da Mobilidade Humana ;SCIELO
1980993X;Revista Ambiente e agua;SCIELO
01006762;Revista arvore;SCIELO
19838042;Revista Bioética;SCIELO
00347094;Revista Brasileira de Anestesiologia;SCIELO
00347108;Revista Brasileira de Biologia;SCIELO
21798397;Revista Brasileira de Cardiologia Invasiva;SCIELO
1516635X;Revista Brasileira de Ciência Avícola;SCIELO
01000683;Revista Brasileira de Ciência do Solo;SCIELO
01033352;Revista Brasileira de Ciência Política;SCIELO
01013289;Revista Brasileira de Ciências do Esporte;SCIELO
15169332;Revista Brasileira de Ciências Farmacêuticas;SCIELO
01026909;Revista Brasileira de Ciências Sociais;SCIELO
19800037;Revista Brasileira de Cineantropometria e Desempenho Humano;SCIELO
01027638;Revista Brasileira de Cirurgia Cardiovascular;SCIELO
19835175;Revista Brasileira de Cirurgia Plastica;SCIELO
01019880;Revista Brasileira de Coloproctologia;SCIELO
00347140;Revista Brasileira de Economia;SCIELO
14132478;Revista Brasileira de Educação;SCIELO
14136538;Revista Brasileira de Educação Especial;SCIELO
18075509;Revista Brasileira de Educação Física e Esporte;SCIELO
01005502;Revista Brasileira de Educação Médica;SCIELO
00347167;Revista Brasileira de Enfermagem;SCIELO
14154366;Revista Brasileira de Engenharia Agrícola e Ambiental;SCIELO
15173151;Revista Brasileira de Engenharia Biomédica;SCIELO
18061117;Revista Brasileira de Ensino de Física;SCIELO
00855626;Revista Brasileira de Entomologia;SCIELO
1415790X;Revista Brasileira de Epidemiologia;SCIELO
01023098;Revista Brasileira de Estudos de População;SCIELO
21766681;Revista Brasileira de Estudos Pedagogicos;SCIELO
0102695X;Revista Brasileira de Farmacognosia;SCIELO
01033131;Revista Brasileira de Fisiologia Vegetal;SCIELO
01002945;Revista Brasileira de Fruticultura;SCIELO
0102261X;Revista Brasileira de Geofísica;SCIELO
18099823;Revista Brasileira de Geriatria e Gerontologia;SCIELO
01007203;Revista Brasileira de Ginecologia e Obstetrícia;SCIELO
15168484;Revista Brasileira de Hematologia e Hemoterapia;SCIELO
01020188;Revista Brasileira de Historia;SCIELO
19846398;Revista Brasileira de Linguística Aplicada;SCIELO
15178692;Revista Brasileira de Medicina do Esporte;SCIELO
01027786;Revista Brasileira de Meteorologia;SCIELO
14137739;Revista Brasileira de Oceanografia;SCIELO
00347280;Revista Brasileira de Oftalmologia;SCIELO
01023616;Revista Brasileira de Ortopedia;SCIELO
00347299;Revista Brasileira de Otorrinolaringologia;SCIELO
19842961;Revista Brasileira de Parasitologia Veterinaria;SCIELO
15160572;Revista Brasileira de Plantas Medicinais;SCIELO
00347329;Revista Brasileira de Política Internacional;SCIELO
15164446;Revista Brasileira de Psiquiatria;SCIELO
04825004;Revista Brasileira de Reumatologia;SCIELO
15199940;Revista Brasileira de Saúde e Produção Animal;SCIELO
15193829;Revista Brasileira de Saúde Materno Infantil ;SCIELO
03037657;Revista Brasileira de Saúde Ocupacional;SCIELO
01013122;Revista Brasileira de Sementes;SCIELO
0103507X;Revista Brasileira de Terapia Intensiva;SCIELO
01018175;Revista Brasileira de Zoologia;SCIELO
15163598;Revista Brasileira de Zootecnia;SCIELO
15161846;Revista CEFAC;SCIELO
0034737X;Revista Ceres;SCIELO
18066690;Revista Ciência Agronômica;SCIELO
15197077;Revista Contabilidade e Finanças;SCIELO
01044230;Revista da Associação Médica Brasileira;SCIELO
19833083;Revista da Educação Física / UEM;SCIELO
00806234;Revista da Escola de Enfermagem da USP;SCIELO
01022555;Revista da Faculdade de Educação;SCIELO
15168034;Revista da Sociedade Brasileira de Fonoaudiologia;SCIELO
00378682;Revista da Sociedade Brasileira de Medicina Tropical;SCIELO
00802107;Revista de Administração (São Paulo);SCIELO
14156555;Revista de Administração Contemporânea;SCIELO
00347590;Revista de Administração de Empresas;SCIELO
00347612;Revista de Administração Pública;SCIELO
00347701;Revista de Antropologia;SCIELO
14159848;Revista de Economia Contemporânea;SCIELO
01032003;Revista de Economia e Sociologia Rural;SCIELO
01013157;Revista de Economia Política;SCIELO
00013714;Revista de Microbiologia;SCIELO
14155419;Revista Dental Press de Ortodontia e Ortopedia Facial;SCIELO
14155273;Revista de Nutrição;SCIELO
18072577;Revista de Odontologia da UNESP;SCIELO
01030663;Revista de Odontologia da Universidade de São Paulo;SCIELO
01016083;Revista de Psiquiatria Clínica;SCIELO
01018108;Revista de Psiquiatria do Rio Grande do Sul;SCIELO
00348910;Revista de Saúde Pública;SCIELO
01044478;Revista de Sociologia e Política;SCIELO
18082432;Revista Direito GV;SCIELO
01006991;Revista do Colégio Brasileiro de Cirurgiões;SCIELO
01048023;Revista do Departamento de Psicologia. UFF;SCIELO
00418781;Revista do Hospital das Clínicas;SCIELO
00203874;Revista do Instituto de Estudos Brasileiros;SCIELO
00364665;Revista do Instituto de Medicina Tropical de São Paulo;SCIELO
18060013;Revista Dor;SCIELO
0104026X;Revista Estudos Feministas;SCIELO
19831447;Revista Gaúcha de Enfermagem;SCIELO
19834195;Revista IBRACON de Estruturas e Materiais;SCIELO
14144980;Revista Katalysis;SCIELO
01041169;Revista Latino-Americana de Enfermagem;SCIELO
14154714;Revista Latinoamericana de Psicopatologia Fundamental;SCIELO
19806523;Revista Odonto Ciência;SCIELO
01030582;Revista Paulista de Pediatria;SCIELO
21757860;Rodriguésia;SCIELO
07169868;Revista chilena de anatomía;SCIELO
07188560;Revista chilena de cardiología;SCIELO
07184026;Revista chilena de cirugía;SCIELO
07183437;Revista chilena de derecho;SCIELO
07188072;Revista chilena de derecho privado;SCIELO
07177348;Revista chilena de enfermedades respiratorias;SCIELO
0716078X;Revista chilena de historia natural;SCIELO
07161018;Revista chilena de infectología;SCIELO
07182295;Revista chilena de literatura;SCIELO
07179227;Revista chilena de neuro-psiquiatría;SCIELO
07177518;Revista chilena de nutricion;SCIELO
07177526;Revista chilena de obstetricia y ginecología;SCIELO
03704106;Revista chilena de pediatría;SCIELO
07179308;Revista chilena de radiología;SCIELO
07190107;Revista clínica de periodoncia, implantología y rehabilitacion oral;SCIELO
07188870;Revista de analisis economico;SCIELO
07181957;Revista de biología marina y oceanografía;SCIELO
0718090X;Revista de ciencia política (Santiago);SCIELO
07189753;Revista de derecho (Coquimbo);SCIELO
07180950;Revista de derecho (Valdivia);SCIELO
07186851;Revista de derecho (Valparaíso);SCIELO
07165455;Revista de estudios historico-jurídicos;SCIELO
07184360;Revista de filosofía;SCIELO
07183402;Revista de geografía Norte Grande;SCIELO
07182791;Revista de la ciencia del suelo y nutricion vegetal;SCIELO
0718915X;Revista de la construccion;SCIELO
07184816;Revista de otorrinolaringología y cirugía de cabeza y cuello;SCIELO
07181337;Revista Facultad de Ingeniería - Universidad de Tarapaca;SCIELO
07160208;Revista geologica de Chile;SCIELO
07185073;Revista ingeniería de construccion;SCIELO
07188358;Revista INVI;SCIELO
00349887;Revista médica de Chile;SCIELO
07162790;Revista musical chilena;SCIELO
07180934;Revista signos;SCIELO
07184883;RLA. Revista de lingüística teorica y aplicada;SCIELO
16927273;Revista Ciencias de la Salud;SCIELO
17948347;Revista Ciencias Estratégicas;SCIELO
01203347;Revista Colombiana de Anestesiología;SCIELO
04866525;Revista Colombiana de Antropología;SCIELO
01233475;Revista Colombiana de Biotecnología;SCIELO
01205633;Revista Colombiana de Cardiología;SCIELO
20112173;Revista Colombiana de Ciencias Hortícolas;SCIELO
01200690;Revista Colombiana de Ciencias Pecuarias;SCIELO
00347418;Revista Colombiana de Ciencias Químico - Farmacéuticas;SCIELO
20117582;Revista Colombiana de Cirugía;SCIELO
01203916;Revista Colombiana de Educacion;SCIELO
01200488;Revista Colombiana de Entomología;SCIELO
01201751;Revista Colombiana de Estadística;SCIELO
01209957;Revista Colombiana de Gastroenterologia;SCIELO
00347426;Revista Colombiana de Matematicas;SCIELO
00347434;Revista Colombiana de Obstetricia y Ginecología;SCIELO
01215469;Revista Colombiana de Psicología;SCIELO
00347450;Revista Colombiana de Psiquiatría;SCIELO
01202804;Revista Colombiana de Química;SCIELO
01218123;Revista Colombiana de Reumatología;SCIELO
01218697;Revista de Derecho;SCIELO
01234366;Revista de Derecho Privado;SCIELO
20112106;Revista de Economía del Caribe;SCIELO
01245996;Revista de Economía Institucional;SCIELO
0123885X;Revista de Estudios Sociales;SCIELO
01214993;Revista de Ingeniería;SCIELO
03703908;Revista de la Academia Colombiana de Ciencias Exactas, Físicas y Naturales;SCIELO
01203886;Revista de la Facultad de Derecho y Ciencias Políticas;SCIELO
01202952;Revista de la Facultad de Medicina Veterinaria y de Zootecnia;SCIELO
01210807;Revista de la Universidad Industrial de Santander. Salud;SCIELO
01229354;Revista de Medicina Veterinaria;SCIELO
01229893;Revista Derecho del Estado;SCIELO
19093063;Revista de Relaciones Internacionales, Estrategia y Seguridad;SCIELO
01240064;Revista de Salud Pública;SCIELO
01208160;Revista EAN;SCIELO
17941237;Revista EIA;SCIELO
01216805;Revista Facultad de Ciencias Economicas: Investigacion y Reflexion;SCIELO
01206230;Revista Facultad de Ingeniería Universidad de Antioquia;SCIELO
01200011;Revista Facultad de Medicina de la Universidad Nacional de Colombia;SCIELO
0121246X;Revista Facultad de Odontología Universidad de Antioquia;SCIELO
03042847;Revista Facultad Nacional de Agronomía, Medellín;SCIELO
0120386X;Revista Facultad Nacional de Salud Pública;SCIELO
16577027;Revista Gerencia y Políticas de Salud;SCIELO
01227238;Revista Historia de la Educacion Latinoamericana;SCIELO
02128417;Revista Historia y Sociedad;SCIELO
16923324;Revista Ingenierías Universidad de Medellín;SCIELO
0120419X;Revista Integracion;SCIELO
01200976;Revista Interamericana de Bibliotecología;SCIELO
0120100X;Revista ION;SCIELO
17944449;Revista Lasallista de Investigacion;SCIELO
16574702;Revista Latinoamericana de Bioética;SCIELO
1692715X;Revista Latinoamericana de Ciencias Sociales, Niñez y Juventud ;SCIELO
01200534;Revista Latinoamericana de Psicología;SCIELO
01215256;Revista Med;SCIELO
01220268;Revista MVZ Cordoba;SCIELO
16922530;Revista Opinion Jurídica;SCIELO
01205552;Revista Salud Uninorte;SCIELO
01234226;Revista U.D.C.A Actualidad e Divulgacion Científica;SCIELO
14094142;Revista Costarricense de Cardiología;SCIELO
02532948;Revista Costarricense de Ciencias Médicas;SCIELO
14091429;Revista Costarricense de Salud Pública;SCIELO
00347744;Revista de Biología Tropical;SCIELO
16594223;Revista de Estudios Historicos de la Masonería Latinoamericana y Caribeña;SCIELO
14092433;Revista de Matematica Teoría y Aplicaciones;SCIELO
14094258;Revista Electronica Educare;SCIELO
02567024;Revista Geologica de América Central;SCIELO
10178546;Revista Médica del Hospital Nacional de Niños Dr. Carlos Saenz Herrera;SCIELO
14091259;Revistas de Ciencias Administrativas y Financieras de la Seguridad Social;SCIELO
10250255;Revista Archivo Medico de CamagÃuy;SCIELO
20710054;Revista Ciencias Tecnicas Agropecuarias;SCIELO
17266718;Revista Cubana de Anestesiologia y Reanimacion;SCIELO
22271899;Revista Cubana de Ciencias Informaticas;SCIELO
00347493;Revista Cubana de Cirugia;SCIELO
15612953;Revista Cubana de Endocrinologia;SCIELO
08640319;Revista Cubana de Enfermeria;SCIELO
00347507;Revista Cubana de Estomatologia;SCIELO
00347515;Revista Cubana de Farmacia;SCIELO
08640289;Revista Cubana de Hematologia, Inmunologia y Hemoterapia;SCIELO
15613003;Revista Cubana de Higiene y Epidemiologia;SCIELO
16841859;Revista Cubana de Informatica Medica;SCIELO
23072113;Revista Cubana de Informacion en Ciencias de la Salud;SCIELO
08640300;Revista Cubana de Investigaciones Biomedicas;SCIELO
00347523;Revista Cubana de Medicina;SCIELO
08642125;Revista Cubana de Medicina General Integral;SCIELO
01386557;Revista Cubana de Medicina Militar;SCIELO
03750760;Revista Cubana de Medicina Tropical;SCIELO
0138600X;Revista Cubana de Obstetricia y Ginecologia;SCIELO
08642176;Revista Cubana de Oftalmologia;SCIELO
0864215X;Revista Cubana de Ortopedia y Traumatologia;SCIELO
00347531;Revista Cubana de Pediatria;SCIELO
10284796;Revista Cubana de Plantas Medicinales;SCIELO
08643466;Revista Cubana de Salud Publica;SCIELO
15613194;Revista de Ciencias Medicas de Pinar del Rio;SCIELO
10102752;Revista de Proteccion Vegetal;SCIELO
0253570X;Revista de Salud Animal;SCIELO
1729519X;Revista Habanera de Ciencias Medicas;SCIELO
16841824;Revista Medica Eletronica;SCIELO
1138123X;RCOE;SCIELO
18887546;Revista Andaluza de Medicina del Deporte;SCIELO
1699695X;Revista Clínica de Medicina de Familia;SCIELO
18865887;Revista de Bioética y Derecho;SCIELO
00347973;Revista de Diagnostico Biologico;SCIELO
02115735;Revista de la Asociacion Española de Neuropsiquiatría;SCIELO
11391375;Revista de la Sociedad Española de Enfermería Nefrologica;SCIELO
11348046;Revista de la Sociedad Española del Dolor;SCIELO
1889836X;Revista de Osteoporosis y Metabolismo Mineral;SCIELO
15765962;Revista de Psicología del Trabajo y de las Organizaciones;SCIELO
11300558;Revista Española de Cirugía Oral y Maxilofacial;SCIELO
11300108;Revista Española de Enfermedades Digestivas;SCIELO
11355727;Revista Española de Salud Pública;SCIELO
15750620;Revista Española de Sanidad Penitenciaria;SCIELO
18703925;Region y sociedad;SCIELO
01853929;Relaciones (Zamora);SCIELO
01863231;Revista Chapingo. Serie ciencias forestales y del ambiente;SCIELO
1027152X;Revista Chapingo. Serie horticultura;SCIELO
14056704;Revista CONAMED;SCIELO
00348376;Revista de investigacion clínica;SCIELO
01852760;Revista de la educacion superior;SCIELO
00261742;Revista de la Facultad de Medicina (México);SCIELO
01877585;Revista del Instituto Nacional de Enfermedades Respiratorias;SCIELO
16074041;Revista electronica de investigacion educativa;SCIELO
01877380;Revista fitotecnia mexicana;SCIELO
20072872;Revista iberoamericana de educacion superior;SCIELO
01884999;Revista internacional de contaminacion ambiental;SCIELO
18702147;Revista IUS;SCIELO
16652436;Revista latinoamericana de investigacion en matematica educativa;SCIELO
03705943;Revista latinoamericana de química;SCIELO
01854534;Revista mexicana de analisis de la conducta;SCIELO
01851101;Revista mexicana de astronomía y astrofísica;SCIELO
18703453;Revista mexicana de biodiversidad;SCIELO
01882198;Revista mexicana de cardiología;SCIELO
20070934;Revista mexicana de ciencias agrícolas;SCIELO
18700195;Revista mexicana de ciencias farmacéuticas;SCIELO
20071132;Revista mexicana de ciencias forestales;SCIELO
10268774;Revista mexicana de ciencias geologicas;SCIELO
20071124;Revista mexicana de ciencias pecuarias;SCIELO
01851918;Revista mexicana de ciencias políticas y sociales;SCIELO
0035001X;Revista mexicana de física;SCIELO
18703542;Revista mexicana de física E;SCIELO
01853309;Revista mexicana de fitopatología;SCIELO
01889532;Revista mexicana de ingeniería biomédica;SCIELO
16652738;Revista mexicana de ingeniería química;SCIELO
14056666;Revista mexicana de investigacion educativa;SCIELO
01873180;Revista mexicana de micología;SCIELO
01882503;Revista mexicana de sociología;SCIELO
20071523;Revista mexicana de trastornos alimentarios;SCIELO
1870199X;Revista odontologica mexicana;SCIELO
10225129;Revista de Gastroenterología del Perú;SCIELO
16097475;Revista de Investigacion en Psicología;SCIELO
16099117;Revista de Investigaciones Veterinarias del Perú;SCIELO
16097173;Revista de la Sociedad Peruana de Medicina Interna;SCIELO
1810634X;Revista de la Sociedad Química del Perú;SCIELO
15610888;Revista del Instituto de Investigacion de la Facultad de Ingeniería Geologica, Minera, Metalurgica y Geografica;SCIELO
00348597;Revista de Neuro-Psiquiatría;SCIELO
19906757;Revista de Psicología;SCIELO
02549247;Revista de Psicología (PUCP);SCIELO
18130194;Revista ECIPerú;SCIELO
10194355;Revista Estomatologica Herediana;SCIELO
1018130X;Revista Medica Herediana;SCIELO
18172075;Revista Médica Vallejiana;SCIELO
17279933;Revista Peruana de Biología;SCIELO
23045132;Revista Peruana de Ginecología y Obstetricia;SCIELO
20774168;Revista Peruana de Investigacion Educativa;SCIELO
17264634;Revista Peruana de Medicina Experimental y Salud Publica;SCIELO
18167713;Revista Peruana de Obstetricia y Enfermería;SCIELO
19936826;Revista Peruana de Pediatría;SCIELO
17269415;Revista Peruana de Psicología;SCIELO
16459199;Relações Internacionais (R:I);SCIELO
0871018X;Revista de Ciências Agrarias;SCIELO
08740283;Revista de Enfermagem Referência;SCIELO
16468872;Revista de Gestão Costeira Integrada;SCIELO
08078967;Revista Diacrítica;SCIELO
16462408;Revista Encontros Científicos - Tourism e Management Studies;SCIELO
16457250;Revista Lusofona de Educação;SCIELO
16450523;Revista Portuguesa de Ciências do Desporto;SCIELO
16466918;Revista Portuguesa de Cirurgia;SCIELO
08707103;Revista Portuguesa de Clínica Geral;SCIELO
08719187;Revista Portuguesa de Educação;SCIELO
16472160;Revista Portuguesa de Enfermagem de Saúde Mental;SCIELO
08741336;Revista Portuguesa de Historia do Livro;SCIELO
08719721;Revista Portuguesa de Imunoalergologia;SCIELO
21825173;Revista Portuguesa de Medicina Geral e Familiar;SCIELO
16462122;Revista Portuguesa de Ortopedia e Traumatologia;SCIELO
08732159;Revista Portuguesa de Pneumologia;SCIELO
08709025;Revista Portuguesa de Saúde Pública;SCIELO
16454464;Revista Portuguesa e Brasileira de Gestão;SCIELO
16469895;RISTI - Revista Ibérica de Sistemas e Tecnologias de Informação;SCIELO
1415790X;Revista Brasileira de Epidemiologia;SCIELO
08643466;Revista Cubana de Salud Pública;SCIELO
01240064;Revista de Salud Pública;SCIELO
00348910;Revista de Saúde Pública;SCIELO
11355727;Revista Española de Salud Pública;SCIELO
10204989;Revista Panamericana de Salud Pública;SCIELO
17264634;Revista Peruana de Medicina Experimental y Salud Pública;SCIELO
15153371;Relaciones Internacionales ;SCIELO
01008587;Religião e Sociedade;SCIELO
01026909;Revista Brasileira de Ciências Sociais;SCIELO
01245996;Revista de Economía Institucional;SCIELO
18190545;Revista de Humanidades y Ciencias Sociales (Santa Cruz de la Sierra);SCIELO
01044478;Revista de Sociologia e Política;SCIELO
07171498;Revista Fuerzas Armadas y Sociedad ;SCIELO
07979789;Revista Uruguaya de Ciencia Política;SCIELO
18518265;Salud colectiva;SCIELO
16669479;Serie correlacion geologica;SCIELO
18537081;Sociedad y religion;SCIELO
18527310;Subjetividad y procesos cognitivos;SCIELO
03281205;Synthesis (La Plata);SCIELO
01028839;São Paulo em Perspectiva;SCIELO
15163180;Sao Paulo Medical Journal;SCIELO
01031104;Saúde em Debate;SCIELO
01041290;Saúde e Sociedade;SCIELO
01031759;Sba: Controle e Automação Sociedade Brasileira de Automatica;SCIELO
01039016;Scientia Agricola;SCIELO
16783166;Scientiae Studia;SCIELO
21777055;Sequência (Florianopolis);SCIELO
01016628;Serviço Social e Sociedade;SCIELO
19846487;Sexualidad, Salud y Sociedad (Rio de Janeiro);SCIELO
19824513;Sociedade e Natureza;SCIELO
01026992;Sociedade e Estado;SCIELO
15174522;Sociologias;SCIELO
01049224;Soldagem e Inspeção;SCIELO
01005405;Summa Phytopathologica;SCIELO
18066445;Sur. Revista Internacional de Direitos Humanos;SCIELO
20710763;SA Journal of Industrial Psychology;SCIELO
20786778;SA Journal of Radiology ;SCIELO
02569574;SAMJ: South African Medical Journal;SCIELO
1681150X;SA Orthopaedic Journal;SCIELO
19913877;South African Crime Quarterly;SCIELO
03751562;South African Dental Journal ;SCIELO
0301603X;South African Journal of Agricultural Extension ;SCIELO
03751589;South African Journal of Animal Science;SCIELO
03794350;South African Journal of Chemistry;SCIELO
19997671;South African Journal of Child Health;SCIELO
2078676X;South African Journal of Critical Care;SCIELO
22223436;South African Journal of Economic and Management Sciences ;SCIELO
02560100;South African Journal of Education;SCIELO
22247890;South African Journal of Industrial Engineering;SCIELO
23103833;South African Journal of Occupational Therapy;SCIELO
20786786;South African Journal of Psychiatry ;SCIELO
00382353;South African Journal of Science;SCIELO
00382361;South African Journal of Surgery;SCIELO
20786751;Southern African Journal of HIV Medicine;SCIELO
10170499;Studia Historiae Ecclesiasticae;SCIELO
07190948;Si Somos Americanos;SCIELO
01206346;Semestre Economico;SCIELO
01204823;Signo y Pensamiento;SCIELO
16576357;Sociedad y Economía;SCIELO
01214381;Suma Psicologica;SCIELO
18878571;Sanidad Militar;SCIELO
01853325;Salud mental;SCIELO
00363634;Salud Pública de México;SCIELO
01860348;Secuencia;SCIELO
16651324;Signos filosoficos;SCIELO
16654420;Signos historicos;SCIELO
1665109X;Sinéctica;SCIELO
01870173;Sociologica (México);SCIELO
16653521;Superficies y vacío;SCIELO
20779917;Scientia Agropecuaria;SCIELO
08706352;Silva Lusitana;SCIELO
08723419;Sociologia;SCIELO
08736529;Sociologia, Problemas e Praticas;SCIELO
18518265;Salud Colectiva;SCIELO
00363634;Salud Pública de México;SCIELO
03277712;Sociedad (Buenos Aires);SCIELO
15174522;Sociologias;SCIELO
18066445;Sur - Revista Internacional de Direitos Humanos;SCIELO
03275094;Temas medievales;SCIELO
18521428;The Journal of Argentine Chemical Society;SCIELO
1666485X;Topicos;SCIELO
15146871;Trabajo y sociedad;SCIELO
21798451;TEMA (São Carlos);SCIELO
14137704;Tempo;SCIELO
01032070;Tempo Social;SCIELO
01040707;Texto e Contexto - Enfermagem;SCIELO
21970025;Theoretical and Experimental Plant Physiology;SCIELO
19817746;Trabalho, Educação e Saúde;SCIELO
01031813;Trabalhos em Linguística Aplicada;SCIELO
01013173;Trans/Form/Ação;SCIELO
01033786;Transinformação;SCIELO
22376089;Trends in Psychiatry and Psychotherapy;SCIELO
19825676;Tropical Plant Pathology;SCIELO
00414751;Tydskrif vir Geesteswetenskappe;SCIELO
0041476X;Tydskrif vir Letterkunde;SCIELO
00493449;Teología y vida;SCIELO
07184808;Terapia psicologica;SCIELO
17942489;Tabula Rasa;SCIELO
01237799;Tecno Logicas;SCIELO
0123921X;Tecnura;SCIELO
01203649;Theologica Xaveriana;SCIELO
02136163;The European Journal of Psychiatry;SCIELO
1579699X;The European journal of psychiatry (edicion en español);SCIELO
18891861;The European Journal of Psychology Applied to Legal Context;SCIELO
1405888X;TIP. Revista especializada en ciencias químico-biologicas;SCIELO
01886649;Topicos (México);SCIELO
16651200;Topicos del seminario;SCIELO
18700462;Tropical and subtropical agroecosystems;SCIELO
01882872;Tzintzun;SCIELO
19949073;The Biologist;SCIELO
16459911;Tékhne - Revista de Estudos Politécnicos;SCIELO
21828458;Tourism e Management Studies;SCIELO
08744890;Toxicodependências;SCIELO
19907451;T'inkazos;SCIELO
01032070;Tempo Social;SCIELO
15184471;Teoria e Sociedade;SCIELO
15183319;Topoi: Revista de Historia;SCIELO
07182236;Ultima década;SCIELO
07182376;Universum (Talca);SCIELO
01247107;Universidad y Salud;SCIELO
01204807;Universitas Humanística;SCIELO
01205323;Universitas Philosophica;SCIELO
16579267;Universitas Psychologica;SCIELO
01227483;Universitas Scientiarum;SCIELO
01862979;Universidad y ciencia;SCIELO
2077172X;UCV - Scientia;SCIELO
16688708;Vision de futuro;SCIELO
01048775;Varia Historia;SCIELO
18094341;Vibrant: Virtual Brazilian Anthropology;SCIELO
20747705;Verbum et Ecclesia;SCIELO
07189273;Veritas;SCIELO
01214004;Vitae;SCIELO
00419060;Vniversitas;SCIELO
1025028X;Vaccimonitor;SCIELO
03015092;Veterinaria México;SCIELO
18167950;Water SA;SCIELO
22230386;Yesterday and Today;SCIELO
18148921;Zonas aridas;SCIELO
